Посольства и консульства;Кыргызстан;г. Москва;Посольство Кыргызстана в РФ;г. Москва, ул. Большая Ордынка, д.64;55.732337;37.623891;" 8(499) 237-48-82
 8(499) 237-46-01";"Пн-Пт с 9:00 до 18:00, обед с 13:00 до 14:00
Приём документов с 9:00 до 13:00
Выдача документов с 16:00 до 18:00"
Посольства и консульства;Кыргызстан;г. Москва;Консульский отдел Посольства Кыргызстана в Москве;г. Москва, ул. Большая Ордынка, д.62, стр.2;55.732663;37.6237891;" 8(499) 238-33-04
 8(499) 230-11-17";"Пн-Пт с 9:00 до 18:00, обед с 13:00 до 14:00
Приём документов с 9:00 до 13:00
Выдача документов с 16:00 до 18:00"
Посольства и консульства;Кыргызстан;г.Екатеринбург;Генеральное консульство Кыргызской республики в г. Екатеринбурге;г. Екатеринбург, ул. Щорса, 54а, офис 5;56.8108152;60.6199347;" 8(343) 223-68-12
 8(343) 223-68-13
 8(343) 223-68-14
 8(343) 223-68-15";"Пн-Пт с 9:00 до 18:00, обед с 13:00 до 14:00
Приём документов с 9:00 до 13:00
Выдача документов с 16:00 до 18:00"
Посольства и консульства;Кыргызстан;г.Новосибирск;Вице-консульство Кыргызской Республики в г.Новосибирске;г.Новосибирск, ул. Крылова, 64/1;55.0417601;82.9389707;" 8(383) 210-66-24
 8(383) 319-07-62";"Пн-Пт с 9:00 до 18:00, обед с 13:00 до 14:00
Приём документов с 9:00 до 13:00
Выдача документов с 16:00 до 18:00"
Посольства и консульства;Кыргызстан;г.Красноярск;Отделение Посольства КР в РФ в г.Красноярске;г.Красноярск, проспект Мира, д.132;56.010614;92.83840699999999; 8(391) 234-34-08;"Пн-Пт с 9:00 до 18:00 обед с 13:30 до 14:30
Приём документов с 9:00 до 13:00
Выдача документов с 16:00 до 18:00"
Посольства и консульства;Кыргызстан;г.Владивосток;Отделение Посольства КР в РФ в г.Владивостоке;г.Владивосток, ул.Алеутская, д. 15 “В”, офис 402;43.11399429999999;131.8814618; 8(924) 725-17-56;"Пн-Пт с 9:00 до 18:00, обед с 13:00 до 14:00
Приём документов с 9:00 до 13:00
Выдача документов с 16:00 до 18:00"
Посольства и консульства;Кыргызстан;г.Санкт-Петербург;Отделение Посольства КР в РФ в г.Санкт-Петербурге;г.Санкт-Петербург, Невский проспект д.150;59.928755;30.37317509999999;" 8(812) 418-24-22
 8(900) 634-90-95 
 8(962) 688-25-06";"Пн-Пт с 9:00 до 18:00, обед с 13:00 до 14:00
Приём документов с 9:00 до 13:00
Выдача документов с 16:00 до 18:00"
Посольства и консульства;Кыргызстан;г.Санкт-Петербург;Почетное консульство КР в г.Санкт-Петербург;г.Санкт-Петербург, Набережная реки Фонтанки, д.76, лит А, пом.15Н;59.92660530000001;30.3350639;" 8(812) 717-00-27
 8(921) 939-35-40";"Пн-Пт с 9:00 до 18:00, обед с 13:00 до 14:00
Приём документов с 9:00 до 13:00
Выдача документов с 16:00 до 18:00"
Посольства и консульства;Кыргызстан;г.Краснодар;Почетное консульство КР в г.Краснодаре;г.Краснодар, ул. В.Головатого, 313 литер «А»;45.0398887;38.9734448; 8(988) 245-43-02;"Пн-Пт с 9:00 до 18:00, обед с 13:00 до 14:00
Приём документов с 9:00 до 13:00
Выдача документов с 16:00 до 18:00"
Посольства и консульства;Кыргызстан;г.Оренбург;Почетное консульство КР в г.Оренбурге;г.Оренбург, пер.Свободина, д.4, офис 101а;51.767239;55.0930295;" 8(3532) 24-96-88
 8(909) 605-28-05 ";"Пн-Пт с 9:00 до 18:00, обед с 13:00 до 14:00
Приём документов с 9:00 до 13:00
Выдача документов с 16:00 до 18:00"
Посольства и консульства;Кыргызстан;г.Хабаровск;Почетное консульство КР в г.Хабаровске;г.Хабаровск, ул.Фрунзе, д.22, офис 4;48.471534;135.0697801;" 8(4212) 47-39-77
 8(909) 852 44 44 ";"Пн-Пт с 9:00 до 18:00, обед с 13:00 до 14:00
Приём документов с 9:00 до 13:00
Выдача документов с 16:00 до 18:00"
Посольства и консульства;Кыргызстан;г. Воронеж;Почетное консульство в г. Воронеже ; г. Воронеж, ул. Республиканская, д. 5 ;51.68428979999999;39.2110367;" 8(473) 261-61-15
 8(906) 670-51-54";"Пн-Пт с 9:00 до 18:00, обед с 13:00 до 14:00
Приём документов с 9:00 до 13:00
Выдача документов с 16:00 до 18:00"
Посольства и консульства;Кыргызстан;г. Южно-Сахалинск ;Почетное консульство КР в г. Южно-Сахалинске;г.Южно-Сахалинск, ул. проспект Мира, д.2 «Б»/8, офис 3 ;46.998315;142.731918;" 8(4242) 30-05-14
 8(984) 139-33-77
 8(962) 580-52-52 ";"Пн-Пт с 9:00 до 18:00, обед с 13:00 до 14:00
Приём документов с 9:00 до 13:00
Выдача документов с 16:00 до 18:00"
Посольства и консульства;Кыргызстан;г.Томск  ;Почетное консульство КР в г.Томске ;г. Томск, переулок Сакко 2/7. Офис 3;56.500889;84.946809;" 8(3822) 20-05-51
 8(923) 444-50-55";"Пн-Пт с 9:00 до 18:00, обед с 13:00 до 14:00
Приём документов с 9:00 до 13:00
Выдача документов с 16:00 до 18:00"
Посольства и консульства;Таджикистан;г. Москва;Посольство Республики Таджикистана в РФ;г. Москва, Гранатный переулок, д.13;55.759704;37.588252; 8(495)690-41-86;"Пн-Пт с 9:00 до 17:00 обед с 12:30 до 13:30
Визовые вопросы- Пн, Чт, Пт с 9:00 до 17:00 обед с 12:30 до 13:30"
Посольства и консульства;Таджикистан;г. Москва;Консульский отдел Посольства Республики Таджикистана в Москве;г. Москва, Скатертный пер. 19;55.75622;37.593224;" 8(495) 690-57-36
 8(495) 690-52-81
 8(985) 740-02-12";"Пн-Пт с 9:00 до 17:00 обед с 12:30 до 13:30
Визовые вопросы- Пн, Чт, Пт с 9:00 до 17:00 обед с 12:30 до 13:30"
Посольства и консульства;Таджикистан;г. Санкт Петербург  ;Генеральное консульство Республики Таджикистан в г. Санкт Петербург  ;г. Санкт-Петербург,Тамбовская улица, д.10, литер А;59.90689399999999;30.3494639;" 8(812) 490-47-46
 8(967) 349-29-44";"Пн-Пт с 9:00 до 17:00 обед с 12:30 до 13:30
Визовые вопросы- Пн, Чт, Пт с 9:00 до 17:00 обед с 12:30 до 13:30"
Посольства и консульства;Таджикистан;г.Уфа;Генеральное консульство Республики Таджикистан в г.Уфа; г. Уфа, ул. Цурюпы 149;54.7428371;55.9606126; 8(347) 276-52-96;"Пн-Пт с 9:00 до 17:00 обед с 12:30 до 13:30
Визовые вопросы- Пн, Чт, Пт с 9:00 до 17:00 обед с 12:30 до 13:30"
Посольства и консульства;Таджикистан;г.Екатеринбург;Генеральное консульство Республики Таджикистан в г.Екатеринбург;"г.Екатеринбург, ул.Гражданская д. 2, литер ""А""";56.8529674;60.58357239999999; 8(343) 370-23-60;"Пн-Пт с 9:00 до 17:00 обед с 12:30 до 13:30
Визовые вопросы- Пн, Чт, Пт с 9:00 до 17:00 обед с 12:30 до 13:30"
Посольства и консульства;Таджикистан;г.Новосибирск;Генеральное консульство Республики Таджикистан в г.Новосибирск;г.Новосибирск, ул.Дзержинский д.20;55.0528245;82.9699041; 8(383) 349-59-70;"Пн-Пт с 9:00 до 17:00 обед с 12:30 до 13:30
Визовые вопросы- Пн, Чт, Пт с 9:00 до 17:00 обед с 12:30 до 13:30"
Посольства и консульства;Узбекистан;г. Москва;Посольство Республики Узбекистан в РФ;г. Москва, Погорельский переулок, д.12;55.73256199999999;37.621016;" 8(499) 230-00-78
 8(499) 230-00-76";"Запись на очередь  производиться по новому электронному адресу: e-navbat.mfa.uz
Пн, Ср, Пт с 10:00 до 17:00
Выходные дни: Сб, Вс, также Консульский отдел не принимает посетителей в дни официальных праздников Республики Узбекистан"
Посольства и консульства;Узбекистан;г. Москва;Консульский отдел Посольства Республики Узбекистан в Москве;г. Москва, 2-й Казачий переулок, д.2;55.7346576;37.6206516;"Оформление сертификата:
 8(499) 230-00-32
 8(499) 230-07-15
 Визовые вопросы:
8(499) 230-00-54
Оформление биометрического паспорта и консульского учёта:
8(499) 230-13-01
8(499) 238-36-20";"Запись на очередь  производиться по новому электронному адресу: e-navbat.mfa.uz
Пн, Ср, Пт с 10:00 до 17:00
Выходные дни: Сб, Вс, также Консульский отдел не принимает посетителей в дни официальных праздников Республики Узбекистан"
Посольства и консульства;Узбекистан;г.Новосибирск;Генеральное консульство Республики Узбекистан в г.Новосибирске;г.Новосибирск, ул. Ломоносова д.55Б;55.0393285;82.9365825;" 8(383) 246-04-85
 8(383) 246-04-84";"Запись на очередь  производиться по новому электронному адресу: e-navbat.mfa.uz
Пн, Ср, Пт с 10:00 до 17:00
Выходные дни: Сб, Вс, также Консульский отдел не принимает посетителей в дни официальных праздников Республики Узбекистан"
Миграционный центр;все;г. Москва;Многофункциональный миграционный центр Сахарово;г. Москва, п. Вороновское, Варшавское шоссе, 64-й километр, домовладение 1, стр. 47.;55.2900857;37.1875487; 8(495) 777-77-77;с 8:00 до 20:00 без выходных и праздничных дней
Миграционный центр;все;Московская область;Центральный аппарат ФГУП «ПВС» МВД России;" Московская область, Красногорский район, п\о Путилково, 69 км МКАД, ООК ЗАО ""Гринвуд"" стр. 34";55.87149849999999;37.4089247; 8(495) 645-69-80;"Пн-Чт с 9:00 до 18:00
Пт с 9:00 до 16:45
обед с 13:00 до 13:45
Выходной: Сб, Вс"
Миграционный центр;все;Республика Адыгея, Тахтамукайский район, пгт. Энем;"Филиал по Республике Адыгея ФГУП ""ПВС"" МВД РФ ";Республика Адыгея, Тахтамукайский район, пгт. Энем, ул. Октябрьская, д. 55.;44.9293067;38.9204437;"  8(87771) 47-2-97
  8(989) 142-59-22";"Пн-Чт с 9:00 до 18:00
Пт с 9:00 до 16:45
обед с 13:00 до 13:45
Выходной: Сб, Вс"
Миграционный центр;все;г. Майкоп;"Филиал по Республике Адыгея ФГУП ""ПВС"" МВД РФ ";Республика Адыгея, г. Майкоп, ул. Калинина, д. 227/1.;44.61915200000001;40.104359;"  8(87771) 47-2-97
  8(989) 142-59-22";"Пн-Чт с 9:00 до 18:00
Пт с 9:00 до 16:45
обед с 13:00 до 13:45
Выходной: Сб, Вс"
Миграционный центр;все;г.Барнаул;"Филиал по Алтайскому краю ФГУП ""ПВС"" МВД РФ "; Алтайский край, г.Барнаул, ул.Шевченко, д.170;53.337018;83.751542;  8(3852) 29-62-60;"Пн-Чт с 9:00 до 18:00
Пт с 9:00 до 16:45
обед с 13:00 до 13:45
Выходной: Сб, Вс"
Миграционный центр;все;г. Благовещенск;"Филиал по Амурской области ФГУП ""ПВС"" МВД РФ ";Амурская область г. Благовещенск, ул. Студенческая д.19/2  ;50.2906517;127.5043598;  8(4162) 47-27-27;"Пн-Чт с 9:00 до 18:00
Пт с 9:00 до 16:45
обед с 13:00 до 13:45
Выходной: Сб, Вс"
Миграционный центр;все;г. Астрахань;"Филиал по Астраханской области ФГУП ""ПВС"" МВД РФ ";г. Астрахань ул. Куликова, д.72;46.3559572;48.0885711;  8(8512) 43-93-39;"Пн-Чт с 9:00 до 18:00
Пт с 9:00 до 16:45
обед с 13:00 до 13:45
Выходной: Сб, Вс"
Миграционный центр;все;Республика Башкортостан, Уфимский район, с. Чесноковка;"Филиал по Республике Башкортостан ФГУП ""ПВС""  МВД РФ ";Республика Башкортостан, Уфимский район, с. Чесноковка, ул. Школьная, д. 4а;54.6136187;55.8983582; 8(347) 286-28-31;"Пн-Чт с 9:00 до 18:00
Пт с 9:00 до 16:45
обед с 13:00 до 13:45
Выходной: Сб, Вс"
Миграционный центр;все;г. Брянск;"Филиал по Брянской  области ФГУП ""ПВС"" МВД РФ ";г. Брянск, ул. Горбатова, д.11;53.263533;34.326002; 8(4832) 44-21-04;"Пн-Чт с 9:00 до 18:00
Пт с 9:00 до 16:45
обед с 13:00 до 13:45
Выходной: Сб, Вс"
Миграционный центр;все;г. Улан-Удэ;"Филиал по Республике Бурятия ФГУП ""ПВС"" МВД РФ "; г. Улан-Удэ, ул. Хоца Намсараева, д. 7а, оф. 116.;51.843428;107.598846; 8(301) 246-10-60;"Пн-Чт с 9:00 до 18:00
Пт с 9:00 до 16:45
обед с 13:00 до 13:45
Выходной: Сб, Вс"
Миграционный центр;все; г. Владимир;"Филиал по Владимирской области ФГУП ""ПВС"" МВД РФ "; г. Владимир, ул. Батурина, д. 37а;56.14322199999999;40.403099; 8(4922) 37-22-32;"Пн-Чт с 9:00 до 18:00
Пт с 9:00 до 16:45
обед с 13:00 до 13:45
Выходной: Сб, Вс"
Миграционный центр;все; г. Владимир;"ОП Филиала по Владимирской области ФГУП ""ПВС"" МВД РФ ";г. Владимир, ул. Вокзальная, д. 6;56.1358812;40.4317609; 8(4922) 37-22-32;"Пн-Чт с 9:00 до 18:00
Пт с 9:00 до 16:45
обед с 13:00 до 13:45
Выходной: Сб, Вс"
Миграционный центр;все;г. Волгоград;"Филиал по Волгоградской области ФГУП ""ПВС"" МВД РФ "; г. Волгоград, ул. Скосырева, д. 6;48.712581;44.49785199999999; 8(8442) 43-73-10;"Пн-Чт с 9:00 до 18:00
Пт с 9:00 до 16:45
обед с 13:00 до 13:45
Выходной: Сб, Вс"
Миграционный центр;все;г. Череповец;"Филиал по Вологодской области ФГУП ""ПВС"" МВД РФ ";г. Череповец, ул. Карла Либкнехта, д.37;59.12259739999999;37.9170174; 8(8202) 57-68-70;"Пн-Чт с 9:00 до 18:00
Пт с 9:00 до 16:45
обед с 13:00 до 13:45
Выходной: Сб, Вс"
Миграционный центр;все;г. Воронеж;"Филиал по Воронежской области ФГУП ""ПВС"" МВД РФ ";г. Воронеж, ул. Дорожная, д. 6а;51.6638583;39.1548065; 8(473) 207-10-53 доб. 206;"Пн-Чт с 9:00 до 18:00
Пт с 9:00 до 16:45
обед с 13:00 до 13:45
Выходной: Сб, Вс"
Миграционный центр;все;г. Воронеж;"ОП Филиала по Воронежской области ФГУП ""ПВС"" МВД РФ ";г. Воронеж, ул. 9 января, д.68з;51.66557760000001;39.1802722; 8(473) 207-10-53 доб. 206;"Пн-Чт с 9:00 до 18:00
Пт с 9:00 до 16:45
обед с 13:00 до 13:45
Выходной: Сб, Вс"
Миграционный центр;все;г. Биробиджан;"Филиал по Еврейской автономной области  ФГУП ""ПВС""  МВД РФ ";г. Биробиджан, проспект 60 летия СССР, д. 3 офис 309.;48.78915929999999;132.9290236; 8(42622) 4-05-77;"Пн-Чт с 9:00 до 18:00
Пт с 9:00 до 16:45
обед с 13:00 до 13:45
Выходной: Сб, Вс"
Миграционный центр;все;г. Иваново;"Филиал по Ивановской области ФГУП ""ПВС"" МВД РФ ";г. Иваново, ул. Мархлевского, д.40.;56.99787569999999;40.9568006;" 8(4932) 41-61-35
 8(4932) 41-77-28";"Пн-Пт с 9:00 до 17:00
Без перерыва на обед
Выходной: Сб, Вс"
Миграционный центр;все;г. Иркутск;"Филиал по Иркутской области ФГУП ""ПВС"" МВД РФ "; г. Иркутск, ул. Ямская, д. 1/2.;52.2795359;104.3050772; 8(3952) 72-87-17 доб. 309 ;"Пн-Чт с 9:00 до 18:00
Пт с 9:00 до 16:45
обед с 13:00 до 13:45
Выходной: Сб, Вс"
Миграционный центр;все;г. Иркутск;"ОП Филиала по Иркутской области ФГУП ""ПВС"" МВД РФ ";г. Иркутск, ул. Главная Кировская, д. 49В;52.306016;104.2542836; 8(3952) 72-87-17 доб. 309 ;"Пн-Чт с 9:00 до 18:00
Пт с 9:00 до 16:45
обед с 13:00 до 13:45
Выходной: Сб, Вс"
Миграционный центр;все;г. Бодайбо;"ОП Филиала по Иркутской области ФГУП ""ПВС"" МВД РФ ";Иркутская область, г. Бодайбо, ул. Стояновича, стр. 87,1;57.8464122;114.2007613; 8(3952) 72-87-17 доб. 309 ;"Пн-Чт с 9:00 до 18:00
Пт с 9:00 до 16:45
обед с 13:00 до 13:45
Выходной: Сб, Вс"
Миграционный центр;все;г. Калининград;"Филиал по Калининградской области ФГУП ""ПВС"" МВД РФ ";г. Калининград, пер. Ганзейский, д. 2-5;54.7463001;20.5373581; 8(4012) 36-91-00;"Пн-Чт с 9:00 до 18:00
Пт с 9:00 до 16:45
обед с 13:00 до 13:45
Выходной: Сб, Вс"
Миграционный центр;все;г. Калининград;"ОП Филиала по Калининградской области ФГУП ""ПВС"" МВД РФ ";г. Калининград, ул. Фрунзе, 6, второй этаж (вход со стороны ул. Сергея Тюленева);54.711368;20.521556; 8(4012) 36-91-00;"Пн-Чт с 9:00 до 18:00
Пт с 9:00 до 16:45
обед с 13:00 до 13:45
Выходной: Сб, Вс"
Миграционный центр;все;г. Петропавловск-Камчатский;"Филиал по Камчатскому краю ФГУП ""ПВС"" МВД РФ ";г. Петропавловск-Камчатский, ул. Максутова, д. 43;53.0355117;158.6616488;"  8(4152) 42-80-15
  8(4152) 42-80-17
  8(4152) 42-80-18";"Пн-Чт с 9:00 до 18:00
Пт с 9:00 до 16:45
Без перерыва на обед
Выходной: Сб, Вс"
Миграционный центр;все;г. Кемерово;"Филиал по Кемеровской области ФГУП ""ПВС"" МВД РФ ";г. Кемерово, ул. Кирова д.13А;55.36208329999999;86.076651;" 8(905) 909-19-96
 8(904) 370-78-03";"Пн-Пт с 9:00 до 18:00
обед с 13:00 до 14:00
Выходной: Сб, Вс"
Миграционный центр;все;г. Киров;"Филиал по Кировской области ФГУП ""ПВС"" МВД РФ "; г. Киров, ул. Карла Маркса, д. 10, офис 38;58.61349919999999;49.6676827; 8(8332) 21-12-75;"Пн-Чт с 8:30 до 17:15
Пт с 8:30 до 16:00
с 12:00 до 12:30
Выходной: Сб, Вс"
Миграционный центр;все;г. Краснодар;"Филиал по Краснодарскому краю ФГУП ""ПВС"" МВД РФ ";г. Краснодар, ул. Дзержинского, 100/5 лит. У (4 этаж);45.102078;38.98360470000001;" 8(861)202-02-20
 8(861)202-02-35";"Пн-Чт с 9:00 до 18:00
Пт с 9:00 до 16:45
обед с 13:00 до 13:45
Выходной: Сб, Вс"
Миграционный центр;все;г. Краснодар;"ОП Филиала по Красноярскому краю ФГУП ""ПВС"" МВД РФ ";г. Краснодар, ул. Одесская д. 48 лит. В;45.0485483;38.9857746; 8(961)593-46-08;"Пн-Чт с 9:00 до 18:00
Пт с 9:00 до 16:45
обед с 13:00 до 13:45
Выходной: Сб, Вс"
Миграционный центр;все;г. Красноярск;"ОП Филиала по Красноярскому краю ФГУП ""ПВС"" МВД РФ "; г. Красноярск, ул. Устиновича, 2;56.0546789;92.9720246; 8(391) 258-08-71;"Пн-Пт с 8:30 до 17:30
обед с 13:00 до 14:00
Выходной: Сб, Вс"
Миграционный центр;все;г. Красноярск;"ОП Филиала по Красноярскому краю ФГУП ""ПВС"" МВД РФ ";г. Красноярск, ул. 26 Бакинских комиссаров, здание 8, оф.104;56.03311;93.02718200000001; 8(391) 258-08-71;"Пн-Пт с 8:30 до 17:30
обед с 13:00 до 14:00
Выходной: Сб, Вс"
Миграционный центр;все;г. Шарыпово;"ОП Филиала по Красноярскому краю ФГУП ""ПВС"" МВД РФ ";г. Шарыпово, 6 микрорайон, д.16, пом. 2;55.541797;89.162568; 8(391) 258-08-71;"Пн-Пт с 8:30 до 17:30
обед с 13:00 до 14:00
Выходной: Сб, Вс"
Миграционный центр;все;г. Ачинск;"ОП Филиала по Красноярскому краю ФГУП ""ПВС"" МВД РФ ";г. Ачинск, 7 микрорайон, д.28, «Б», пом. 3;56.2673383;90.4985841; 8(391) 258-08-71;"Пн-Пт с 8:30 до 17:30
обед с 13:00 до 14:00
Выходной: Сб, Вс"
Миграционный центр;все;г. Канск;"ОП Филиала по Красноярскому краю ФГУП ""ПВС"" МВД РФ ";г. Канск, ул. Ленина, д.11;56.20241129999999;95.7046531; 8(391) 258-08-71;"Пн-Пт с 8:30 до 17:30
обед с 13:00 до 14:00
Выходной: Сб, Вс"
Миграционный центр;все;г. Лесосибирск;"ОП Филиала по Красноярскому краю ФГУП ""ПВС"" МВД РФ ";г. Лесосибирск, ул. Победы, д.50 «А», пом. 3, 4;58.1784357;92.53674629999999; 8(391) 258-08-71;"Пн-Пт с 8:30 до 17:30
обед с 13:00 до 14:00
Выходной: Сб, Вс"
Миграционный центр;все; г. Минусинск;"ОП Филиала по Красноярскому краю ФГУП ""ПВС"" МВД РФ "; г. Минусинск, проезд Котельный, д.11;53.6932736;91.6520524; 8(391) 258-08-71;"Пн-Пт с 8:30 до 17:30
обед с 13:00 до 14:00
Выходной: Сб, Вс"
Миграционный центр;все;г. Норильск;"ОП Филиала по Красноярскому краю ФГУП ""ПВС"" МВД РФ ";г. Норильск, ул. Нансена, д. 69, офис 3-12;69.3597498;88.1678021; 8(391) 258-08-71;"Пн-Пт с 8:30 до 17:30
обед с 13:00 до 14:00
Выходной: Сб, Вс"
Миграционный центр;все;г. Симферополь;"Филиал ФГУП ""ПВС"" МВД РФ "; г. Симферополь, улица Пролетарская, д. 6 А;44.9499919;34.1060649; 8(365) 253-23-83;"Пн-Чт с 9:00 до 18:00
Пт с 09:00 до 17:45
обед с 13:00 до 14:00
Выходной: Сб, Вс"
Миграционный центр;все;г. Ялта;"ОП Филиала ФГУП ""ПВС"" МВД РФ ";г. Ялта, улица Московская, д. 21, пом. 1;44.5018484;34.1702873; 8(365) 253-23-83;"Пн-Чт с 9:00 до 18:00
Пт с 09:00 до 17:45
обед с 13:00 до 14:00
Выходной: Сб, Вс"
Миграционный центр;все;г. Феодосия;"ОП Филиала ФГУП ""ПВС"" МВД РФ ";г. Феодосия, улица Вити Коробкова, д. 14 Б;45.031933;35.382433; 8(365) 253-23-83;"Пн-Чт с 9:00 до 18:00
Пт с 09:00 до 17:45
обед с 13:00 до 14:00
Выходной: Сб, Вс"
Миграционный центр;все;г. Курск;"Филиал по Курской области ФГУП ""ПВС"" МВД РФ "; г. Курск, ул. Льва Толстого, д.17;51.747438;36.2010689; 8(4712) 51-08-66;"Пн-Пт с 9:00 до 18:00
обед с 13:00 до 13:35
Выходной: Сб, Вс"
Миграционный центр;все;г. Саранск;"Филиал по Республике Мордовия  ФГУП ""ПВС"" МВД РФ ";г. Саранск, ул. Полежаева, д. 173, пом. 2;54.19033959999999;45.1631095; 8(960) 338-53-86;"Пн-Чт с 9:00 до 18:00
Пт с 9:00 до 16:45
обед с 13:00 до 13:45
Выходной: Сб, Вс"
Миграционный центр;все;г. Санкт-Петербург;"Филиал по г. Санкт-Петербургу и Ленинградской области ФГУП ""ПВС"" МВД РФ "; г. Санкт-Петербург, ул. Красного текстильщика, д. 15, литер А;59.94158700000001;30.39578809999999; 8(812) 318-01-22;"Пн-Пт с 9:00 до 18:00
обед с 13:00 до 14:00
Выходной: Сб, Вс"
Миграционный центр;все;г. Санкт-Петербург;"ОП Филиала по г. Санкт-Петербургу и Ленинградской области ФГУП ""ПВС"" МВД РФ ";г. Санкт-Петербург, ул. Курская, д. 14, литер А;59.9125137;30.3463961; 8(812) 318-01-22;"Пн-Пт с 9:00 до 18:00
обед с 13:00 до 14:00
Выходной: Сб, Вс"
Миграционный центр;все;г. Санкт-Петербург;"ОП Филиала по г. Санкт-Петербургу и Ленинградской области ФГУП ""ПВС"" МВД РФ "; г. Санкт-Петербург, Межевой канал, д. 1, литер А;59.911179;30.2557051; 8(812) 318-01-22;"Пн-Пт с 9:00 до 18:00
обед с 13:00 до 14:00
Выходной: Сб, Вс"
Миграционный центр;все;г. Санкт-Петербург;"ОП Филиала по г. Санкт-Петербургу и Ленинградской области ФГУП ""ПВС"" МВД РФ "; г. Санкт-Петербург, ул. Якорная, д. 7, литер А, пом. 11 Н;59.9424436;30.4220959; 8(812) 318-01-22;"Пн-Пт с 9:00 до 18:00
обед с 13:00 до 14:00
Выходной: Сб, Вс"
Миграционный центр;все;г. Санкт-Петербург;"ОП Филиала по г. Санкт-Петербургу и Ленинградской области ФГУП ""ПВС"" МВД РФ "; г. Санкт-Петербург, Московский проспект, д. 182, литер А, пом. 10 Н;59.8746942;30.3223152; 8(812) 318-01-22;"Пн-Пт с 9:00 до 18:00
обед с 13:00 до 14:00
Выходной: Сб, Вс"
Миграционный центр;все; г. Липецк;"Филиал по Липецкой области ФГУП ""ПВС"" МВД РФ "; г. Липецк, ул. Гагарина д. 117 «А», офис 212, 214;52.6220692;39.5622823; 8(4742) 34-00-57;"Пн-Чт с 9:00 до 18:00
Пт с 9:00 до 16:45
обед с 13:00 до 13:45
Выходной: Сб, Вс"
Миграционный центр;все;г. Нижний Новгород;"Филиал по Нижегородской области ФГУП ""ПВС"" МВД РФ ";г. Нижний Новгород, ул. Родионова, д. 23, офис 211;56.3178636;44.0607549; 8(831) 467-82-27;"Вт, Чт, Пт с 9:00 до 18:00
Ср с 11:00 до 20:00
Без перерыва на обед
Выходной: Вс, Пн
"
Миграционный центр;все;г. Нижний Новгород;"ОП Филиала по Нижегородской области ФГУП ""ПВС"" МВД РФ ";г.Нижний Новгород, ул. Должанская, 2а;56.33172800000001;43.960232; 8(831) 467-82-27;"Вт, Чт, Пт с 9:00 до 18:00
Ср с 11:00 до 20:00
Без перерыва на обед
Выходной: Вс, Пн
"
Миграционный центр;все;г. Новосибирск;"Филиал по Новосибирской  области ФГУП ""ПВС"" МВД РФ ";г. Новосибирск, пр-т Дзержинского, д. 12/2 (вход с левого торца здания, 2-й этаж);55.0505344;82.9644323; 8(383) 279-80-98;"Пн-Пт с 9:00 до 18:00
обед с 13:00 до 14:00
Выходной: Сб, Вс"
Миграционный центр;все;г. Новосибирск;"Филиал по Новосибирской  области ФГУП ""ПВС"" МВД РФ ";г. Новосибирск, ул. Есенина, д. 1Г;55.052962;82.996853; 8(383) 279-80-99;"Пн-Пт с 8:00 до 17:00
обед с 13:00 до 14:00
Выходной: Сб, Вс"
Миграционный центр;все;г. Омск;"Филиал по Омской области ФГУП ""ПВС"" МВД РФ "; г. Омск, ул. Кемеровская д.15/2;55.0012793;73.3557402;" 8(3812) 21-77-12
 8(913) 967-49-90";"Пн-Чт с 9:00 до 18:00
Пт с 9:00 до 16:45
обед с 13:00 до 13:45
Выходной: Сб, Вс"
Миграционный центр;все;г. Оренбург;"Филиал по Оренбургской области ФГУП ""ПВС"" МВД РФ ";г. Оренбург, ул. 75 Линия/16 Линия, д. 14/2;51.7863414;55.1781301; 8(3532) 44-78-15;"Пн-Чт с 9:00 до 18:00
Пт с 9:00 до 16:45
обед с 13:00 до 13:45
Выходной: Сб, Вс"
Миграционный центр;все;г. Оренбург;"ОП Филиала по Оренбургской области ФГУП ""ПВС"" МВД РФ ";г. Оренбург, ул. Краснознаменная/пер. Матросский, д. 21/10-12;51.7655939;55.0972053; 8(3532) 44-78-15;"Пн-Чт с 9:00 до 18:00
Пт с 9:00 до 16:45
обед с 13:00 до 13:45
Выходной: Сб, Вс"
Миграционный центр;все;г. Орск;"ОП Филиала по Оренбургской области ФГУП ""ПВС"" МВД РФ ";г. Орск, ул. Суворова, д. 24;51.23586539999999;58.46997150000001; 8(3532) 44-78-15;"Пн-Чт с 9:00 до 18:00
Пт с 9:00 до 16:45
обед с 13:00 до 13:45
Выходной: Сб, Вс"
Миграционный центр;все;г. Бузулук;"ОП Филиала по Оренбургской области ФГУП ""ПВС"" МВД РФ ";г. Бузулук, ул. Октябрьская, д. 88;52.7919284;52.27027570000001; 8(3532) 44-78-15;"Пн-Чт с 9:00 до 18:00
Пт с 9:00 до 16:45
обед с 13:00 до 13:45
Выходной: Сб, Вс"
Миграционный центр;все;г. Пенза;"Филиал по Пензенской области ФГУП ""ПВС"" МВД РФ "; г. Пенза, ул. Герцена, д.29;53.2094734;45.00697359999999; 8(8412) 32-98-38;"Пн-Пт с 9:00 до 18:00
Сб с 9:00 до 16:45
обед с 13:00 до 13:45
Выходной: Вс"
Миграционный центр;все;г. Пенза;"ОП Филиала по Пензенской области ФГУП ""ПВС"" МВД РФ ";г.Пенза, ул. Кулакова, д.1;53.19728;45.001623; 8(8412) 32-98-38;"Пн-Пт с 9:00 до 18:00
Сб с 9:00 до 16:45
обед с 13:00 до 13:45
Выходной: Вс"
Миграционный центр;все;г. Пермь;"Филиал по Пермскому краю ФГУП ""ПВС"" МВД РФ ";г. Пермь, ул. Ленина, д. 11;58.0162371;56.2551352; 8(342) 212-68-43;"Пн-Чт с 9:00 до 18:00
Пт с 9:00 до 16:45
обед с 13:00 до 13:45
Выходной: Сб, Вс"
Миграционный центр;все;г. Пермь;"Филиал по Пермскому краю ФГУП ""ПВС"" МВД РФ ";г. Пермь, ул. Сибирская, д. 48/3;58.00311669999999;56.25828319999999; 8(342) 212-68-43;"Пн-Чт с 9:00 до 18:00
Пт с 9:00 до 16:45
обед с 13:00 до 13:45
Выходной: Сб, Вс"
Миграционный центр;все;г. Ростов-на-Дону;Филиал по Ростовской области ФГУП «ПВС» МВД РФ ;г. Ростов-на-Дону, ул. Таганрогская, 32;47.264782;39.676884;  8(863) 273-26-30;"Пн-Чт с 9:00 до 18:00
Пт с 9:00 до 16:45
обед с 13:00 до 13:45
Выходной: Сб, Вс"
Миграционный центр;все;г. Владикавказ;"Филиал по Республике Северная Осетия-Алания ФГУП ""ПВС"" МВД РФ "; г. Владикавказ, ул. Кирова, 21;43.0342204;44.6752141;  8(8672) 33-38-56;"Пн-Чт с 9:00 до 18:00
Пт с 9:00 до 16:45
обед с 13:00 до 13:45
Выходной: Сб, Вс"
Миграционный центр;все;г. Рязань;"Филиал по Рязанской области ФГУП ""ПВС"" МВД РФ "; г. Рязань, ул. 14-я Линия, д. 1-б/1, офис 12.;54.612632;39.690668;"  8(4912) 96-07-18
  8(4912) 96-07-19";"Пн-Чт с 9:00 до 18:00
Пт с 9:00 до 16:45
обед с 13:00 до 13:45
Выходной: Сб, Вс"
Миграционный центр;все;г. Саратов;"Филиал по Саратовской области ФГУП ""ПВС"" МВД РФ ";г. Саратов, ул. Вольская, д. 64;51.5367618;46.0274535;  8(8452) 27-88-37;"Пн-Чт с 9:00 до 18:00
Пт с 9:00 до 16:45
обед с 13:00 до 13:45
Выходной: Сб, Вс"
Миграционный центр;все;Саратовская область, Энгельсский район, поселок Пробуждение;"ОП Филиала по Саратовской области ФГУП ""ПВС"" МВД РФ ";Саратовская область, Энгельсский район, поселок Пробуждение, стр. 5;51.4301653;46.1531404;  8(8452) 27-88-37;"Пн-Чт с 9:00 до 18:00
Пт с 9:00 до 16:45
обед с 13:00 до 13:45
Выходной: Сб, Вс"
Миграционный центр;все;г. Екатеринбург;"Филиал по Свердловской области ФГУП ""ПВС"" МВД РФ "; г. Екатеринбург, ул. Сулимова, д.46 (2 этаж);56.8627117;60.6339929; 8(343) 346-30-06;"Пн-Чт с 9:00 до 18:00
Пт с 9:00 до 16:45
обед с 13:00 до 13:45
Выходной: Сб, Вс"
Миграционный центр;все;г. Смоленск;"Филиал по Смоленской области ФГУП ""ПВС"" МВД РФ ";г. Смоленск, ул. Тенишевой, д.32;54.7704568;32.0583057;" 8(4812) 65-76-21
 8(4812) 33-97-83";"Пн-Чт с 9:00 до 18:00
Пт с 9:00 до 16:45
обед с 13:00 до 13:45
Выходной: Сб, Вс"
Миграционный центр;все;г. Вязьма;"ОП Филиала по Смоленской области ФГУП ""ПВС"" МВД РФ ";г. Вязьма, проезд 25 октября, д.13, офис 3;55.205438;34.29933;" 8(4812) 65-76-21
 8(4812) 33-97-83";"Пн-Чт с 9:00 до 18:00
Пт с 9:00 до 16:45
обед с 13:00 до 13:45
Выходной: Сб, Вс"
Миграционный центр;все; г. Тамбов;"Филиал по Тамбовской области ФГУП ""ПВС""  МВД РФ "; г. Тамбов, улица Маяковского, д. 3, пом.5, офис 203 (вход с торца здания);52.7433637;41.4325274;" 8(4752) 53-04-91
 8(4752) 53-07-01";"Пн-Чт с 9:00 до 18:00
Пт с 9:00 до 16:45
обед с 13:00 до 13:45
Выходной: Сб, Вс"
Миграционный центр;все;г. Казань;"Филиал по Республике Татарстан ФГУП ""ПВС"" МВД РФ"; г. Казань, ул. Лейтенанта Шмидта, д.1, литер «В»;55.790293;49.148067;" 8(843) 212-01-28
 8(843) 212-01-29";"Пн-Пт с 09:00 до 17:00
обед с 13:00 до 14:00
Выходной: Сб, Вс"
Миграционный центр;все;г. Казань;"ОП Филиала по Республике Татарстан ФГУП ""ПВС"" МВД РФ"; г. Казань, ул. Волгоградская, д.50;55.831183;49.1044199;" 8(843) 212-01-28
 8(843) 212-01-29";"Пн-Пт с 09:00 до 17:00
обед с 13:00 до 14:00
Выходной: Сб, Вс"
Миграционный центр;все;г.Тверь;"Филиал по Тверской области ФГУП ""ПВС"" МВД РФ ";г.Тверь, ул. Склизкова, д.21, каб.52.;56.840618;35.9155018; 8(909) 267-31-26;"Пн-Чт с 9:00 до 18:00
Пт с 9:00 до 16:45
обед с 13:00 до 13:45
Выходной: Сб, Вс"
Миграционный центр;все;г.Тверь;"ОП Филиала по Тверской области ФГУП ""ПВС"" МВД РФ ";г.Тверь, ул. Грибоедова, д.34/68, корпус 1.;56.880935;35.90408499999999; 8(909) 267-31-26;"Пн-Чт с 9:00 до 18:00
Пт с 9:00 до 16:45
обед с 13:00 до 13:45
Выходной: Сб, Вс"
Миграционный центр;все;г. Томск;"Филиал по Томской области ФГУП ""ПВС"" МВД РФ "; г. Томск, ул. Иркутский тракт д. 15, стр. 2;56.50129399999999;85.00828399999999; 8(3822) 91-04-44;"Пн-Чт с 9:00 до 18:00
Пт с 9:00 до 16:45
обед с 13:00 до 13:45
Выходной: Сб, Вс"
Миграционный центр;все; г. Тула;"Филиал по Тульской области ФГУП ""ПВС"" МВД РФ "; г. Тула, ул. Мира, д. 54а;54.17013;37.586444;" 8(4872) 33-40-59
 8(4872) 21-64-58";"Пн-Чт с 9:00 до 18:00
Пт с 9:00 до 16:45
обед с 13:00 до 13:45
Выходной: Сб, Вс"
Миграционный центр;все; г. Тула;"ОП Филиала по Тульской области ФГУП ""ПВС"" МВД РФ ";г. Тула, ул. Рязанская, д. 5Е;54.1639831;37.6208541;" 8(4872) 33-40-59
 8(4872) 21-64-58";"Пн-Чт с 9:00 до 18:00
Пт с 9:00 до 16:45
обед с 13:00 до 13:45
Выходной: Сб, Вс"
Миграционный центр;все;г.Тюмень;"Филиал по Тюменской области ФГУП ""ПВС"" МВД РФ ";" г.Тюмень, ул. 50 лет Октября, д.200 ""Б"" корп.2";57.12143589999999;65.62159; 8(3452) 57-99-89;"Пн-Чт с 9:00 до 18:00
Пт с 9:00 до 16:45
обед с 13:00 до 13:45
Выходной: Сб, Вс"
Миграционный центр;все;г.Тобольск;"Филиал по Тюменской области ФГУП ""ПВС"" МВД РФ ";г.Тобольск, ул. Семена Ремезова, д.49 в, стр.1, лит. А, помещение № 31;58.210978;68.2661399; 8(3452) 57-90-93;"Пн-Чт с 9:00 до 18:00
Пт с 9:00 до 16:45
обед с 13:00 до 13:45
Выходной: Сб, Вс"
Миграционный центр;все; г. Ижевск;"Филиал по Удмуртской республике ФГУП ""ПВС"" МВД РФ "; г. Ижевск, ул. Воткинское шоссе, д. 11.;56.8884826;53.2306791;" 8(3412) 57 22 88
 8(3412) 24 43 63";"Пн-Чт с 9:00 до 18:00
Пт с 9:00 до 16:45
обед с 13:00 до 13:45
Выходной: Сб, Вс"
Миграционный центр;все; г. Ижевск;"ОП Филиала по Удмуртской республике ФГУП ""ПВС"" МВД РФ ";г. Ижевск, ул. Ленина, д. 34 оф. 9;56.8436259;53.2159138;" 8(3412) 57 22 88
 8(3412) 24 43 63";"Пн-Чт с 9:00 до 18:00
Пт с 9:00 до 16:45
обед с 13:00 до 13:45
Выходной: Сб, Вс"
Миграционный центр;все; г. Ижевск;"ОП Филиала по Удмуртской республике ФГУП ""ПВС"" МВД РФ ";г. Ижевск, ул. Ворошилова, д. 25.;56.8775193;53.2634412;" 8(3412) 57 22 88
 8(3412) 24 43 63";"Пн-Чт с 9:00 до 18:00
Пт с 9:00 до 16:45
обед с 13:00 до 13:45
Выходной: Сб, Вс"
Миграционный центр;все; г. Ульяновск;"Филиал по Ульяновской области ФГУП ""ПВС"" МВД РФ "; г. Ульяновск, Московское шоссе, дом 32, стр. 4;54.298542;48.2854079; 8(8422) 27-43-66;"Пн-Пт с 08:00 до 17:00
обед с 13:00 до 14:00
Выходной: Сб, Вс"
Миграционный центр;все;г.Сургут;"Филиал по Ханты-Мансийскому автономному округу - Югре  ФГУП ""ПВС"" МВД РФ ";г.Сургут, ул. Профсоюзов д.45;61.26474839999999;73.4195944;  8(3462)94-22-53;"Пн с 09:00 до 18:00
Вт-Чт с 9:00 до 17:00
Пт с 09:00 до 15:45
Перерыв на обед: с 13:00 до 13:45
Выходной: Сб, Вс
"
Миграционный центр;все;г.Сургут;"ОП Филиала по Ханты-Мансийскому автономному округу - Югре  ФГУП ""ПВС"" МВД РФ ";г. Сургут, ул. Энергостроителей, д. 3;61.27667159999999;73.4877156;  8(3462)94-22-53;"Пн с 09:00 до 18:00
Вт-Чт с 9:00 до 17:00
Пт с 09:00 до 15:45
Перерыв на обед: с 13:00 до 13:45
Выходной: Сб, Вс
"
Миграционный центр;все; г.Ханты-Мансийск;"ОП Филиала по Ханты-Мансийскому автономному округу - Югре  ФГУП ""ПВС"" МВД РФ "; г.Ханты-Мансийск, ул.Объездная д.25;60.9692819;69.0289236;  8(3462)94-22-53;"Пн с 09:00 до 18:00
Вт-Чт с 9:00 до 17:00
Пт с 09:00 до 15:45
Перерыв на обед: с 13:00 до 13:45
Выходной: Сб, Вс
"
Миграционный центр;все; г. Нижневартовск;"ОП Филиала по Ханты-Мансийскому автономному округу - Югре  ФГУП ""ПВС"" МВД РФ "; г. Нижневартовск, ул. Индустриальная, д. 55;60.943423;76.5297908;  8(3462)94-22-53;"Пн с 09:00 до 18:00
Вт-Чт с 9:00 до 17:00
Пт с 09:00 до 15:45
Перерыв на обед: с 13:00 до 13:45
Выходной: Сб, Вс
"
Миграционный центр;все;г. Челябинск;"Филиал по Челябинской области ФГУП ""ПВС"" МВД РФ "; г. Челябинск, ул. 40 лет Октября, д. 31;55.2197697;61.71334959999999;" 8(909) 087-04-51
 8(909) 087-04-63";"Пн-Чт с 9:00 до 18:00
Пт с 9:00 до 16:45
обед с 13:00 до 13:45
Выходной: Сб, Вс"
Миграционный центр;все; г. Чебоксары;"Филиал по Чувашской Республике ФГУП ""ПВС"" МВД РФ "; г. Чебоксары, ул. К. Маркса, д. 37А;56.137736;47.249901;" 8(8352) 22-85-24
 8(8352) 22-85-09";"Пн-Чт с 9:00 до 18:00
Пт с 9:00 до 16:45
обед с 13:00 до 13:45
Выходной: Сб, Вс"
Миграционный центр;все;г. Новый Уренгой;"Филиал по Ямало-Ненецкому автономному округу ФГУП ""ПВС"" МВД РФ "; г. Новый Уренгой, ул. Индустриальная, д. 4 А;66.0915315;76.6827095;8(34922) 3-50-76;"Пн-Чт с 9:00 до 18:00
Пт с 9:00 до 16:45
обед с 13:00 до 13:45
Выходной: Сб, Вс"
Миграционный центр;все;г. Ярославль;"Филиал по Ярославской области ФГУП ""ПВС"" МВД РФ ";г. Ярославль, ул. Победы, д. 51, корп. 3;57.623264;39.868878; 8(920) 122-96-92;"Пн-Чт с 9:00 до 18:00
Пт с 9:00 до 16:45
обед с 13:00 до 13:45
Выходной: Сб, Вс"
Миграционный центр;все;г. Ярославль;"ОП Филиала по Ярославской области ФГУП ""ПВС"" МВД РФ "; г. Ярославль, ул. Полушкина роща, д. 16, стр. 52;57.6635498;39.8474756; 8(920) 122-96-92;"Пн-Чт с 9:00 до 18:00
Пт с 9:00 до 16:45
обед с 13:00 до 13:45
Выходной: Сб, Вс"
